region_code,region_name,region_level,month,visitors,overnight_pct,visitor_source,overnight_source,주석_방문자집계,주석_숙박비율,주석_결합키,주석_근거함수,주석_완전성
30,대전광역시,sido,2025-09,7691190.5,14.9,runs/api_candidates_sido_202509_202608/raw/20250901_20250930_p0001.xml;runs/api_candidates_sido_202509_202608/raw/20250901_20250930_p0002.xml,data/raw/20260914201051_숙박방문자 비율 추이(외지인).csv,"touDivNm=외지인(b), 행정코드=30, 2025-09의 30일 touNum을 Decimal로 합산한 값=7691190.5.",다운로드 CSV의 해당 지역·월 '숙박방문자 비율'=14.9%를 그대로 보존. 전국평균과 기간 밖 행 제외.,region_code+month. 방문자 합계와 숙박비율을 나란히 결합하며 곱하지 않음.,Together_with_my_dog_cityselection/fetch_tourapi.py:258 summarize_month(); Together_with_my_dog_cityselection/prepare_city_comparison.py:53 main(),날짜 누락·중복·음수·비유한수는 집계 오류. 광역시와 기초시의 시 전체 범위 비교이며 동일 행정 규모가 아님.
30,대전광역시,sido,2025-10,8235178.0,18.8,runs/api_candidates_sido_202509_202608/raw/20251001_20251031_p0001.xml;runs/api_candidates_sido_202509_202608/raw/20251001_20251031_p0002.xml,data/raw/20260914201051_숙박방문자 비율 추이(외지인).csv,"touDivNm=외지인(b), 행정코드=30, 2025-10의 31일 touNum을 Decimal로 합산한 값=8235178.0.",다운로드 CSV의 해당 지역·월 '숙박방문자 비율'=18.8%를 그대로 보존. 전국평균과 기간 밖 행 제외.,region_code+month. 방문자 합계와 숙박비율을 나란히 결합하며 곱하지 않음.,Together_with_my_dog_cityselection/fetch_tourapi.py:258 summarize_month(); Together_with_my_dog_cityselection/prepare_city_comparison.py:53 main(),날짜 누락·중복·음수·비유한수는 집계 오류. 광역시와 기초시의 시 전체 범위 비교이며 동일 행정 규모가 아님.
30,대전광역시,sido,2025-11,7559121.5,14.5,runs/api_candidates_sido_202509_202608/raw/20251101_20251130_p0001.xml;runs/api_candidates_sido_202509_202608/raw/20251101_20251130_p0002.xml,data/raw/20260914201051_숙박방문자 비율 추이(외지인).csv,"touDivNm=외지인(b), 행정코드=30, 2025-11의 30일 touNum을 Decimal로 합산한 값=7559121.5.",다운로드 CSV의 해당 지역·월 '숙박방문자 비율'=14.5%를 그대로 보존. 전국평균과 기간 밖 행 제외.,region_code+month. 방문자 합계와 숙박비율을 나란히 결합하며 곱하지 않음.,Together_with_my_dog_cityselection/fetch_tourapi.py:258 summarize_month(); Together_with_my_dog_cityselection/prepare_city_comparison.py:53 main(),날짜 누락·중복·음수·비유한수는 집계 오류. 광역시와 기초시의 시 전체 범위 비교이며 동일 행정 규모가 아님.
30,대전광역시,sido,2025-12,7623630.0,15.8,runs/api_candidates_sido_202509_202608/raw/20251201_20251231_p0001.xml;runs/api_candidates_sido_202509_202608/raw/20251201_20251231_p0002.xml,data/raw/20260914201051_숙박방문자 비율 추이(외지인).csv,"touDivNm=외지인(b), 행정코드=30, 2025-12의 31일 touNum을 Decimal로 합산한 값=7623630.0.",다운로드 CSV의 해당 지역·월 '숙박방문자 비율'=15.8%를 그대로 보존. 전국평균과 기간 밖 행 제외.,region_code+month. 방문자 합계와 숙박비율을 나란히 결합하며 곱하지 않음.,Together_with_my_dog_cityselection/fetch_tourapi.py:258 summarize_month(); Together_with_my_dog_cityselection/prepare_city_comparison.py:53 main(),날짜 누락·중복·음수·비유한수는 집계 오류. 광역시와 기초시의 시 전체 범위 비교이며 동일 행정 규모가 아님.
30,대전광역시,sido,2026-01,7477407.0,15.7,runs/api_candidates_sido_202509_202608/raw/20260101_20260131_p0001.xml;runs/api_candidates_sido_202509_202608/raw/20260101_20260131_p0002.xml,data/raw/20260914201051_숙박방문자 비율 추이(외지인).csv,"touDivNm=외지인(b), 행정코드=30, 2026-01의 31일 touNum을 Decimal로 합산한 값=7477407.0.",다운로드 CSV의 해당 지역·월 '숙박방문자 비율'=15.7%를 그대로 보존. 전국평균과 기간 밖 행 제외.,region_code+month. 방문자 합계와 숙박비율을 나란히 결합하며 곱하지 않음.,Together_with_my_dog_cityselection/fetch_tourapi.py:258 summarize_month(); Together_with_my_dog_cityselection/prepare_city_comparison.py:53 main(),날짜 누락·중복·음수·비유한수는 집계 오류. 광역시와 기초시의 시 전체 범위 비교이며 동일 행정 규모가 아님.
30,대전광역시,sido,2026-02,7357077.0,18.4,runs/api_candidates_sido_202509_202608/raw/20260201_20260228_p0001.xml;runs/api_candidates_sido_202509_202608/raw/20260201_20260228_p0002.xml,data/raw/20260914201051_숙박방문자 비율 추이(외지인).csv,"touDivNm=외지인(b), 행정코드=30, 2026-02의 28일 touNum을 Decimal로 합산한 값=7357077.0.",다운로드 CSV의 해당 지역·월 '숙박방문자 비율'=18.4%를 그대로 보존. 전국평균과 기간 밖 행 제외.,region_code+month. 방문자 합계와 숙박비율을 나란히 결합하며 곱하지 않음.,Together_with_my_dog_cityselection/fetch_tourapi.py:258 summarize_month(); Together_with_my_dog_cityselection/prepare_city_comparison.py:53 main(),날짜 누락·중복·음수·비유한수는 집계 오류. 광역시와 기초시의 시 전체 범위 비교이며 동일 행정 규모가 아님.
30,대전광역시,sido,2026-03,8904182.0,15.0,runs/api_candidates_sido_202509_202608/raw/20260301_20260331_p0001.xml;runs/api_candidates_sido_202509_202608/raw/20260301_20260331_p0002.xml,data/raw/20260914201051_숙박방문자 비율 추이(외지인).csv,"touDivNm=외지인(b), 행정코드=30, 2026-03의 31일 touNum을 Decimal로 합산한 값=8904182.0.",다운로드 CSV의 해당 지역·월 '숙박방문자 비율'=15.0%를 그대로 보존. 전국평균과 기간 밖 행 제외.,region_code+month. 방문자 합계와 숙박비율을 나란히 결합하며 곱하지 않음.,Together_with_my_dog_cityselection/fetch_tourapi.py:258 summarize_month(); Together_with_my_dog_cityselection/prepare_city_comparison.py:53 main(),날짜 누락·중복·음수·비유한수는 집계 오류. 광역시와 기초시의 시 전체 범위 비교이며 동일 행정 규모가 아님.
30,대전광역시,sido,2026-04,6703844.0,15.7,runs/api_candidates_sido_202509_202608/raw/20260401_20260430_p0001.xml;runs/api_candidates_sido_202509_202608/raw/20260401_20260430_p0002.xml,data/raw/20260914201051_숙박방문자 비율 추이(외지인).csv,"touDivNm=외지인(b), 행정코드=30, 2026-04의 30일 touNum을 Decimal로 합산한 값=6703844.0.",다운로드 CSV의 해당 지역·월 '숙박방문자 비율'=15.7%를 그대로 보존. 전국평균과 기간 밖 행 제외.,region_code+month. 방문자 합계와 숙박비율을 나란히 결합하며 곱하지 않음.,Together_with_my_dog_cityselection/fetch_tourapi.py:258 summarize_month(); Together_with_my_dog_cityselection/prepare_city_comparison.py:53 main(),날짜 누락·중복·음수·비유한수는 집계 오류. 광역시와 기초시의 시 전체 범위 비교이며 동일 행정 규모가 아님.
30,대전광역시,sido,2026-05,7861483.0,16.5,runs/api_candidates_sido_202509_202608/raw/20260501_20260531_p0001.xml;runs/api_candidates_sido_202509_202608/raw/20260501_20260531_p0002.xml,data/raw/20260914201051_숙박방문자 비율 추이(외지인).csv,"touDivNm=외지인(b), 행정코드=30, 2026-05의 31일 touNum을 Decimal로 합산한 값=7861483.0.",다운로드 CSV의 해당 지역·월 '숙박방문자 비율'=16.5%를 그대로 보존. 전국평균과 기간 밖 행 제외.,region_code+month. 방문자 합계와 숙박비율을 나란히 결합하며 곱하지 않음.,Together_with_my_dog_cityselection/fetch_tourapi.py:258 summarize_month(); Together_with_my_dog_cityselection/prepare_city_comparison.py:53 main(),날짜 누락·중복·음수·비유한수는 집계 오류. 광역시와 기초시의 시 전체 범위 비교이며 동일 행정 규모가 아님.
30,대전광역시,sido,2026-06,6941805.5,14.8,runs/api_candidates_sido_202509_202608/raw/20260601_20260630_p0001.xml;runs/api_candidates_sido_202509_202608/raw/20260601_20260630_p0002.xml,data/raw/20260914201051_숙박방문자 비율 추이(외지인).csv,"touDivNm=외지인(b), 행정코드=30, 2026-06의 30일 touNum을 Decimal로 합산한 값=6941805.5.",다운로드 CSV의 해당 지역·월 '숙박방문자 비율'=14.8%를 그대로 보존. 전국평균과 기간 밖 행 제외.,region_code+month. 방문자 합계와 숙박비율을 나란히 결합하며 곱하지 않음.,Together_with_my_dog_cityselection/fetch_tourapi.py:258 summarize_month(); Together_with_my_dog_cityselection/prepare_city_comparison.py:53 main(),날짜 누락·중복·음수·비유한수는 집계 오류. 광역시와 기초시의 시 전체 범위 비교이며 동일 행정 규모가 아님.
30,대전광역시,sido,2026-07,7522263.0,16.6,runs/api_candidates_sido_202509_202608/raw/20260701_20260731_p0001.xml;runs/api_candidates_sido_202509_202608/raw/20260701_20260731_p0002.xml,data/raw/20260914201051_숙박방문자 비율 추이(외지인).csv,"touDivNm=외지인(b), 행정코드=30, 2026-07의 31일 touNum을 Decimal로 합산한 값=7522263.0.",다운로드 CSV의 해당 지역·월 '숙박방문자 비율'=16.6%를 그대로 보존. 전국평균과 기간 밖 행 제외.,region_code+month. 방문자 합계와 숙박비율을 나란히 결합하며 곱하지 않음.,Together_with_my_dog_cityselection/fetch_tourapi.py:258 summarize_month(); Together_with_my_dog_cityselection/prepare_city_comparison.py:53 main(),날짜 누락·중복·음수·비유한수는 집계 오류. 광역시와 기초시의 시 전체 범위 비교이며 동일 행정 규모가 아님.
28,인천광역시,sido,2025-09,15393626.5,12.1,runs/api_candidates_sido_202509_202608/raw/20250901_20250930_p0001.xml;runs/api_candidates_sido_202509_202608/raw/20250901_20250930_p0002.xml,data/raw/20260914201503_숙박방문자 비율 추이(외지인).csv,"touDivNm=외지인(b), 행정코드=28, 2025-09의 30일 touNum을 Decimal로 합산한 값=15393626.5.",다운로드 CSV의 해당 지역·월 '숙박방문자 비율'=12.1%를 그대로 보존. 전국평균과 기간 밖 행 제외.,region_code+month. 방문자 합계와 숙박비율을 나란히 결합하며 곱하지 않음.,Together_with_my_dog_cityselection/fetch_tourapi.py:258 summarize_month(); Together_with_my_dog_cityselection/prepare_city_comparison.py:53 main(),날짜 누락·중복·음수·비유한수는 집계 오류. 광역시와 기초시의 시 전체 범위 비교이며 동일 행정 규모가 아님.
28,인천광역시,sido,2025-10,17471072.5,14.9,runs/api_candidates_sido_202509_202608/raw/20251001_20251031_p0001.xml;runs/api_candidates_sido_202509_202608/raw/20251001_20251031_p0002.xml,data/raw/20260914201503_숙박방문자 비율 추이(외지인).csv,"touDivNm=외지인(b), 행정코드=28, 2025-10의 31일 touNum을 Decimal로 합산한 값=17471072.5.",다운로드 CSV의 해당 지역·월 '숙박방문자 비율'=14.9%를 그대로 보존. 전국평균과 기간 밖 행 제외.,region_code+month. 방문자 합계와 숙박비율을 나란히 결합하며 곱하지 않음.,Together_with_my_dog_cityselection/fetch_tourapi.py:258 summarize_month(); Together_with_my_dog_cityselection/prepare_city_comparison.py:53 main(),날짜 누락·중복·음수·비유한수는 집계 오류. 광역시와 기초시의 시 전체 범위 비교이며 동일 행정 규모가 아님.
28,인천광역시,sido,2025-11,15135109.5,12.2,runs/api_candidates_sido_202509_202608/raw/20251101_20251130_p0001.xml;runs/api_candidates_sido_202509_202608/raw/20251101_20251130_p0002.xml,data/raw/20260914201503_숙박방문자 비율 추이(외지인).csv,"touDivNm=외지인(b), 행정코드=28, 2025-11의 30일 touNum을 Decimal로 합산한 값=15135109.5.",다운로드 CSV의 해당 지역·월 '숙박방문자 비율'=12.2%를 그대로 보존. 전국평균과 기간 밖 행 제외.,region_code+month. 방문자 합계와 숙박비율을 나란히 결합하며 곱하지 않음.,Together_with_my_dog_cityselection/fetch_tourapi.py:258 summarize_month(); Together_with_my_dog_cityselection/prepare_city_comparison.py:53 main(),날짜 누락·중복·음수·비유한수는 집계 오류. 광역시와 기초시의 시 전체 범위 비교이며 동일 행정 규모가 아님.
28,인천광역시,sido,2025-12,15176378.0,13.3,runs/api_candidates_sido_202509_202608/raw/20251201_20251231_p0001.xml;runs/api_candidates_sido_202509_202608/raw/20251201_20251231_p0002.xml,data/raw/20260914201503_숙박방문자 비율 추이(외지인).csv,"touDivNm=외지인(b), 행정코드=28, 2025-12의 31일 touNum을 Decimal로 합산한 값=15176378.0.",다운로드 CSV의 해당 지역·월 '숙박방문자 비율'=13.3%를 그대로 보존. 전국평균과 기간 밖 행 제외.,region_code+month. 방문자 합계와 숙박비율을 나란히 결합하며 곱하지 않음.,Together_with_my_dog_cityselection/fetch_tourapi.py:258 summarize_month(); Together_with_my_dog_cityselection/prepare_city_comparison.py:53 main(),날짜 누락·중복·음수·비유한수는 집계 오류. 광역시와 기초시의 시 전체 범위 비교이며 동일 행정 규모가 아님.
28,인천광역시,sido,2026-01,15184813.0,12.5,runs/api_candidates_sido_202509_202608/raw/20260101_20260131_p0001.xml;runs/api_candidates_sido_202509_202608/raw/20260101_20260131_p0002.xml,data/raw/20260914201503_숙박방문자 비율 추이(외지인).csv,"touDivNm=외지인(b), 행정코드=28, 2026-01의 31일 touNum을 Decimal로 합산한 값=15184813.0.",다운로드 CSV의 해당 지역·월 '숙박방문자 비율'=12.5%를 그대로 보존. 전국평균과 기간 밖 행 제외.,region_code+month. 방문자 합계와 숙박비율을 나란히 결합하며 곱하지 않음.,Together_with_my_dog_cityselection/fetch_tourapi.py:258 summarize_month(); Together_with_my_dog_cityselection/prepare_city_comparison.py:53 main(),날짜 누락·중복·음수·비유한수는 집계 오류. 광역시와 기초시의 시 전체 범위 비교이며 동일 행정 규모가 아님.
28,인천광역시,sido,2026-02,14869438.5,14.3,runs/api_candidates_sido_202509_202608/raw/20260201_20260228_p0001.xml;runs/api_candidates_sido_202509_202608/raw/20260201_20260228_p0002.xml,data/raw/20260914201503_숙박방문자 비율 추이(외지인).csv,"touDivNm=외지인(b), 행정코드=28, 2026-02의 28일 touNum을 Decimal로 합산한 값=14869438.5.",다운로드 CSV의 해당 지역·월 '숙박방문자 비율'=14.3%를 그대로 보존. 전국평균과 기간 밖 행 제외.,region_code+month. 방문자 합계와 숙박비율을 나란히 결합하며 곱하지 않음.,Together_with_my_dog_cityselection/fetch_tourapi.py:258 summarize_month(); Together_with_my_dog_cityselection/prepare_city_comparison.py:53 main(),날짜 누락·중복·음수·비유한수는 집계 오류. 광역시와 기초시의 시 전체 범위 비교이며 동일 행정 규모가 아님.
28,인천광역시,sido,2026-03,16791901.0,12.3,runs/api_candidates_sido_202509_202608/raw/20260301_20260331_p0001.xml;runs/api_candidates_sido_202509_202608/raw/20260301_20260331_p0002.xml,data/raw/20260914201503_숙박방문자 비율 추이(외지인).csv,"touDivNm=외지인(b), 행정코드=28, 2026-03의 31일 touNum을 Decimal로 합산한 값=16791901.0.",다운로드 CSV의 해당 지역·월 '숙박방문자 비율'=12.3%를 그대로 보존. 전국평균과 기간 밖 행 제외.,region_code+month. 방문자 합계와 숙박비율을 나란히 결합하며 곱하지 않음.,Together_with_my_dog_cityselection/fetch_tourapi.py:258 summarize_month(); Together_with_my_dog_cityselection/prepare_city_comparison.py:53 main(),날짜 누락·중복·음수·비유한수는 집계 오류. 광역시와 기초시의 시 전체 범위 비교이며 동일 행정 규모가 아님.
28,인천광역시,sido,2026-04,14065912.0,12.4,runs/api_candidates_sido_202509_202608/raw/20260401_20260430_p0001.xml;runs/api_candidates_sido_202509_202608/raw/20260401_20260430_p0002.xml,data/raw/20260914201503_숙박방문자 비율 추이(외지인).csv,"touDivNm=외지인(b), 행정코드=28, 2026-04의 30일 touNum을 Decimal로 합산한 값=14065912.0.",다운로드 CSV의 해당 지역·월 '숙박방문자 비율'=12.4%를 그대로 보존. 전국평균과 기간 밖 행 제외.,region_code+month. 방문자 합계와 숙박비율을 나란히 결합하며 곱하지 않음.,Together_with_my_dog_cityselection/fetch_tourapi.py:258 summarize_month(); Together_with_my_dog_cityselection/prepare_city_comparison.py:53 main(),날짜 누락·중복·음수·비유한수는 집계 오류. 광역시와 기초시의 시 전체 범위 비교이며 동일 행정 규모가 아님.
28,인천광역시,sido,2026-05,16351674.5,13.6,runs/api_candidates_sido_202509_202608/raw/20260501_20260531_p0001.xml;runs/api_candidates_sido_202509_202608/raw/20260501_20260531_p0002.xml,data/raw/20260914201503_숙박방문자 비율 추이(외지인).csv,"touDivNm=외지인(b), 행정코드=28, 2026-05의 31일 touNum을 Decimal로 합산한 값=16351674.5.",다운로드 CSV의 해당 지역·월 '숙박방문자 비율'=13.6%를 그대로 보존. 전국평균과 기간 밖 행 제외.,region_code+month. 방문자 합계와 숙박비율을 나란히 결합하며 곱하지 않음.,Together_with_my_dog_cityselection/fetch_tourapi.py:258 summarize_month(); Together_with_my_dog_cityselection/prepare_city_comparison.py:53 main(),날짜 누락·중복·음수·비유한수는 집계 오류. 광역시와 기초시의 시 전체 범위 비교이며 동일 행정 규모가 아님.
28,인천광역시,sido,2026-06,14507657.5,12.2,runs/api_candidates_sido_202509_202608/raw/20260601_20260630_p0001.xml;runs/api_candidates_sido_202509_202608/raw/20260601_20260630_p0002.xml,data/raw/20260914201503_숙박방문자 비율 추이(외지인).csv,"touDivNm=외지인(b), 행정코드=28, 2026-06의 30일 touNum을 Decimal로 합산한 값=14507657.5.",다운로드 CSV의 해당 지역·월 '숙박방문자 비율'=12.2%를 그대로 보존. 전국평균과 기간 밖 행 제외.,region_code+month. 방문자 합계와 숙박비율을 나란히 결합하며 곱하지 않음.,Together_with_my_dog_cityselection/fetch_tourapi.py:258 summarize_month(); Together_with_my_dog_cityselection/prepare_city_comparison.py:53 main(),날짜 누락·중복·음수·비유한수는 집계 오류. 광역시와 기초시의 시 전체 범위 비교이며 동일 행정 규모가 아님.
28,인천광역시,sido,2026-07,15560391.0,13.5,runs/api_candidates_sido_202509_202608/raw/20260701_20260731_p0001.xml;runs/api_candidates_sido_202509_202608/raw/20260701_20260731_p0002.xml,data/raw/20260914201503_숙박방문자 비율 추이(외지인).csv,"touDivNm=외지인(b), 행정코드=28, 2026-07의 31일 touNum을 Decimal로 합산한 값=15560391.0.",다운로드 CSV의 해당 지역·월 '숙박방문자 비율'=13.5%를 그대로 보존. 전국평균과 기간 밖 행 제외.,region_code+month. 방문자 합계와 숙박비율을 나란히 결합하며 곱하지 않음.,Together_with_my_dog_cityselection/fetch_tourapi.py:258 summarize_month(); Together_with_my_dog_cityselection/prepare_city_comparison.py:53 main(),날짜 누락·중복·음수·비유한수는 집계 오류. 광역시와 기초시의 시 전체 범위 비교이며 동일 행정 규모가 아님.
26,부산광역시,sido,2025-09,12990421.5,17.3,runs/api_candidates_sido_202509_202608/raw/20250901_20250930_p0001.xml;runs/api_candidates_sido_202509_202608/raw/20250901_20250930_p0002.xml,data/raw/20260914201533_숙박방문자 비율 추이(외지인).csv,"touDivNm=외지인(b), 행정코드=26, 2025-09의 30일 touNum을 Decimal로 합산한 값=12990421.5.",다운로드 CSV의 해당 지역·월 '숙박방문자 비율'=17.3%를 그대로 보존. 전국평균과 기간 밖 행 제외.,region_code+month. 방문자 합계와 숙박비율을 나란히 결합하며 곱하지 않음.,Together_with_my_dog_cityselection/fetch_tourapi.py:258 summarize_month(); Together_with_my_dog_cityselection/prepare_city_comparison.py:53 main(),날짜 누락·중복·음수·비유한수는 집계 오류. 광역시와 기초시의 시 전체 범위 비교이며 동일 행정 규모가 아님.
26,부산광역시,sido,2025-10,15551704.0,21.8,runs/api_candidates_sido_202509_202608/raw/20251001_20251031_p0001.xml;runs/api_candidates_sido_202509_202608/raw/20251001_20251031_p0002.xml,data/raw/20260914201533_숙박방문자 비율 추이(외지인).csv,"touDivNm=외지인(b), 행정코드=26, 2025-10의 31일 touNum을 Decimal로 합산한 값=15551704.0.",다운로드 CSV의 해당 지역·월 '숙박방문자 비율'=21.8%를 그대로 보존. 전국평균과 기간 밖 행 제외.,region_code+month. 방문자 합계와 숙박비율을 나란히 결합하며 곱하지 않음.,Together_with_my_dog_cityselection/fetch_tourapi.py:258 summarize_month(); Together_with_my_dog_cityselection/prepare_city_comparison.py:53 main(),날짜 누락·중복·음수·비유한수는 집계 오류. 광역시와 기초시의 시 전체 범위 비교이며 동일 행정 규모가 아님.
26,부산광역시,sido,2025-11,13006563.5,17.4,runs/api_candidates_sido_202509_202608/raw/20251101_20251130_p0001.xml;runs/api_candidates_sido_202509_202608/raw/20251101_20251130_p0002.xml,data/raw/20260914201533_숙박방문자 비율 추이(외지인).csv,"touDivNm=외지인(b), 행정코드=26, 2025-11의 30일 touNum을 Decimal로 합산한 값=13006563.5.",다운로드 CSV의 해당 지역·월 '숙박방문자 비율'=17.4%를 그대로 보존. 전국평균과 기간 밖 행 제외.,region_code+month. 방문자 합계와 숙박비율을 나란히 결합하며 곱하지 않음.,Together_with_my_dog_cityselection/fetch_tourapi.py:258 summarize_month(); Together_with_my_dog_cityselection/prepare_city_comparison.py:53 main(),날짜 누락·중복·음수·비유한수는 집계 오류. 광역시와 기초시의 시 전체 범위 비교이며 동일 행정 규모가 아님.
26,부산광역시,sido,2025-12,13564701.5,19.0,runs/api_candidates_sido_202509_202608/raw/20251201_20251231_p0001.xml;runs/api_candidates_sido_202509_202608/raw/20251201_20251231_p0002.xml,data/raw/20260914201533_숙박방문자 비율 추이(외지인).csv,"touDivNm=외지인(b), 행정코드=26, 2025-12의 31일 touNum을 Decimal로 합산한 값=13564701.5.",다운로드 CSV의 해당 지역·월 '숙박방문자 비율'=19.0%를 그대로 보존. 전국평균과 기간 밖 행 제외.,region_code+month. 방문자 합계와 숙박비율을 나란히 결합하며 곱하지 않음.,Together_with_my_dog_cityselection/fetch_tourapi.py:258 summarize_month(); Together_with_my_dog_cityselection/prepare_city_comparison.py:53 main(),날짜 누락·중복·음수·비유한수는 집계 오류. 광역시와 기초시의 시 전체 범위 비교이며 동일 행정 규모가 아님.
26,부산광역시,sido,2026-01,13501617.5,18.4,runs/api_candidates_sido_202509_202608/raw/20260101_20260131_p0001.xml;runs/api_candidates_sido_202509_202608/raw/20260101_20260131_p0002.xml,data/raw/20260914201533_숙박방문자 비율 추이(외지인).csv,"touDivNm=외지인(b), 행정코드=26, 2026-01의 31일 touNum을 Decimal로 합산한 값=13501617.5.",다운로드 CSV의 해당 지역·월 '숙박방문자 비율'=18.4%를 그대로 보존. 전국평균과 기간 밖 행 제외.,region_code+month. 방문자 합계와 숙박비율을 나란히 결합하며 곱하지 않음.,Together_with_my_dog_cityselection/fetch_tourapi.py:258 summarize_month(); Together_with_my_dog_cityselection/prepare_city_comparison.py:53 main(),날짜 누락·중복·음수·비유한수는 집계 오류. 광역시와 기초시의 시 전체 범위 비교이며 동일 행정 규모가 아님.
26,부산광역시,sido,2026-02,13867021.0,21.0,runs/api_candidates_sido_202509_202608/raw/20260201_20260228_p0001.xml;runs/api_candidates_sido_202509_202608/raw/20260201_20260228_p0002.xml,data/raw/20260914201533_숙박방문자 비율 추이(외지인).csv,"touDivNm=외지인(b), 행정코드=26, 2026-02의 28일 touNum을 Decimal로 합산한 값=13867021.0.",다운로드 CSV의 해당 지역·월 '숙박방문자 비율'=21.0%를 그대로 보존. 전국평균과 기간 밖 행 제외.,region_code+month. 방문자 합계와 숙박비율을 나란히 결합하며 곱하지 않음.,Together_with_my_dog_cityselection/fetch_tourapi.py:258 summarize_month(); Together_with_my_dog_cityselection/prepare_city_comparison.py:53 main(),날짜 누락·중복·음수·비유한수는 집계 오류. 광역시와 기초시의 시 전체 범위 비교이며 동일 행정 규모가 아님.
26,부산광역시,sido,2026-03,14385486.5,16.4,runs/api_candidates_sido_202509_202608/raw/20260301_20260331_p0001.xml;runs/api_candidates_sido_202509_202608/raw/20260301_20260331_p0002.xml,data/raw/20260914201533_숙박방문자 비율 추이(외지인).csv,"touDivNm=외지인(b), 행정코드=26, 2026-03의 31일 touNum을 Decimal로 합산한 값=14385486.5.",다운로드 CSV의 해당 지역·월 '숙박방문자 비율'=16.4%를 그대로 보존. 전국평균과 기간 밖 행 제외.,region_code+month. 방문자 합계와 숙박비율을 나란히 결합하며 곱하지 않음.,Together_with_my_dog_cityselection/fetch_tourapi.py:258 summarize_month(); Together_with_my_dog_cityselection/prepare_city_comparison.py:53 main(),날짜 누락·중복·음수·비유한수는 집계 오류. 광역시와 기초시의 시 전체 범위 비교이며 동일 행정 규모가 아님.
26,부산광역시,sido,2026-04,11514954.5,17.5,runs/api_candidates_sido_202509_202608/raw/20260401_20260430_p0001.xml;runs/api_candidates_sido_202509_202608/raw/20260401_20260430_p0002.xml,data/raw/20260914201533_숙박방문자 비율 추이(외지인).csv,"touDivNm=외지인(b), 행정코드=26, 2026-04의 30일 touNum을 Decimal로 합산한 값=11514954.5.",다운로드 CSV의 해당 지역·월 '숙박방문자 비율'=17.5%를 그대로 보존. 전국평균과 기간 밖 행 제외.,region_code+month. 방문자 합계와 숙박비율을 나란히 결합하며 곱하지 않음.,Together_with_my_dog_cityselection/fetch_tourapi.py:258 summarize_month(); Together_with_my_dog_cityselection/prepare_city_comparison.py:53 main(),날짜 누락·중복·음수·비유한수는 집계 오류. 광역시와 기초시의 시 전체 범위 비교이며 동일 행정 규모가 아님.
26,부산광역시,sido,2026-05,14047617.5,18.9,runs/api_candidates_sido_202509_202608/raw/20260501_20260531_p0001.xml;runs/api_candidates_sido_202509_202608/raw/20260501_20260531_p0002.xml,data/raw/20260914201533_숙박방문자 비율 추이(외지인).csv,"touDivNm=외지인(b), 행정코드=26, 2026-05의 31일 touNum을 Decimal로 합산한 값=14047617.5.",다운로드 CSV의 해당 지역·월 '숙박방문자 비율'=18.9%를 그대로 보존. 전국평균과 기간 밖 행 제외.,region_code+month. 방문자 합계와 숙박비율을 나란히 결합하며 곱하지 않음.,Together_with_my_dog_cityselection/fetch_tourapi.py:258 summarize_month(); Together_with_my_dog_cityselection/prepare_city_comparison.py:53 main(),날짜 누락·중복·음수·비유한수는 집계 오류. 광역시와 기초시의 시 전체 범위 비교이며 동일 행정 규모가 아님.
26,부산광역시,sido,2026-06,12015374.0,17.2,runs/api_candidates_sido_202509_202608/raw/20260601_20260630_p0001.xml;runs/api_candidates_sido_202509_202608/raw/20260601_20260630_p0002.xml,data/raw/20260914201533_숙박방문자 비율 추이(외지인).csv,"touDivNm=외지인(b), 행정코드=26, 2026-06의 30일 touNum을 Decimal로 합산한 값=12015374.0.",다운로드 CSV의 해당 지역·월 '숙박방문자 비율'=17.2%를 그대로 보존. 전국평균과 기간 밖 행 제외.,region_code+month. 방문자 합계와 숙박비율을 나란히 결합하며 곱하지 않음.,Together_with_my_dog_cityselection/fetch_tourapi.py:258 summarize_month(); Together_with_my_dog_cityselection/prepare_city_comparison.py:53 main(),날짜 누락·중복·음수·비유한수는 집계 오류. 광역시와 기초시의 시 전체 범위 비교이며 동일 행정 규모가 아님.
26,부산광역시,sido,2026-07,13783497.0,19.4,runs/api_candidates_sido_202509_202608/raw/20260701_20260731_p0001.xml;runs/api_candidates_sido_202509_202608/raw/20260701_20260731_p0002.xml,data/raw/20260914201533_숙박방문자 비율 추이(외지인).csv,"touDivNm=외지인(b), 행정코드=26, 2026-07의 31일 touNum을 Decimal로 합산한 값=13783497.0.",다운로드 CSV의 해당 지역·월 '숙박방문자 비율'=19.4%를 그대로 보존. 전국평균과 기간 밖 행 제외.,region_code+month. 방문자 합계와 숙박비율을 나란히 결합하며 곱하지 않음.,Together_with_my_dog_cityselection/fetch_tourapi.py:258 summarize_month(); Together_with_my_dog_cityselection/prepare_city_comparison.py:53 main(),날짜 누락·중복·음수·비유한수는 집계 오류. 광역시와 기초시의 시 전체 범위 비교이며 동일 행정 규모가 아님.
51150,강릉시,sigungu,2025-09,2226063.0,19.8,runs/api_candidates_sigungu_202509_202608/raw/20250901_20250930_p0001.xml;runs/api_candidates_sigungu_202509_202608/raw/20250901_20250930_p0002.xml;runs/api_candidates_sigungu_202509_202608/raw/20250901_20250930_p0003.xml;runs/api_candidates_sigungu_202509_202608/raw/20250901_20250930_p0004.xml;runs/api_candidates_sigungu_202509_202608/raw/20250901_20250930_p0005.xml;runs/api_candidates_sigungu_202509_202608/raw/20250901_20250930_p0006.xml;runs/api_candidates_sigungu_202509_202608/raw/20250901_20250930_p0007.xml;runs/api_candidates_sigungu_202509_202608/raw/20250901_20250930_p0008.xml;runs/api_candidates_sigungu_202509_202608/raw/20250901_20250930_p0009.xml;runs/api_candidates_sigungu_202509_202608/raw/20250901_20250930_p0010.xml;runs/api_candidates_sigungu_202509_202608/raw/20250901_20250930_p0011.xml;runs/api_candidates_sigungu_202509_202608/raw/20250901_20250930_p0012.xml;runs/api_candidates_sigungu_202509_202608/raw/20250901_20250930_p0013.xml;runs/api_candidates_sigungu_202509_202608/raw/20250901_20250930_p0014.xml;runs/api_candidates_sigungu_202509_202608/raw/20250901_20250930_p0015.xml;runs/api_candidates_sigungu_202509_202608/raw/20250901_20250930_p0016.xml;runs/api_candidates_sigungu_202509_202608/raw/20250901_20250930_p0017.xml;runs/api_candidates_sigungu_202509_202608/raw/20250901_20250930_p0018.xml;runs/api_candidates_sigungu_202509_202608/raw/20250901_20250930_p0019.xml;runs/api_candidates_sigungu_202509_202608/raw/20250901_20250930_p0020.xml;runs/api_candidates_sigungu_202509_202608/raw/20250901_20250930_p0021.xml;runs/api_candidates_sigungu_202509_202608/raw/20250901_20250930_p0022.xml;runs/api_candidates_sigungu_202509_202608/raw/20250901_20250930_p0023.xml;runs/api_candidates_sigungu_202509_202608/raw/20250901_20250930_p0024.xml,data/raw/20260914201612_숙박방문자 비율 추이(외지인).csv,"touDivNm=외지인(b), 행정코드=51150, 2025-09의 30일 touNum을 Decimal로 합산한 값=2226063.0.",다운로드 CSV의 해당 지역·월 '숙박방문자 비율'=19.8%를 그대로 보존. 전국평균과 기간 밖 행 제외.,region_code+month. 방문자 합계와 숙박비율을 나란히 결합하며 곱하지 않음.,Together_with_my_dog_cityselection/fetch_tourapi.py:258 summarize_month(); Together_with_my_dog_cityselection/prepare_city_comparison.py:53 main(),날짜 누락·중복·음수·비유한수는 집계 오류. 광역시와 기초시의 시 전체 범위 비교이며 동일 행정 규모가 아님.
51150,강릉시,sigungu,2025-10,3178885.5,25.6,runs/api_candidates_sigungu_202509_202608/raw/20251001_20251031_p0001.xml;runs/api_candidates_sigungu_202509_202608/raw/20251001_20251031_p0002.xml;runs/api_candidates_sigungu_202509_202608/raw/20251001_20251031_p0003.xml;runs/api_candidates_sigungu_202509_202608/raw/20251001_20251031_p0004.xml;runs/api_candidates_sigungu_202509_202608/raw/20251001_20251031_p0005.xml;runs/api_candidates_sigungu_202509_202608/raw/20251001_20251031_p0006.xml;runs/api_candidates_sigungu_202509_202608/raw/20251001_20251031_p0007.xml;runs/api_candidates_sigungu_202509_202608/raw/20251001_20251031_p0008.xml;runs/api_candidates_sigungu_202509_202608/raw/20251001_20251031_p0009.xml;runs/api_candidates_sigungu_202509_202608/raw/20251001_20251031_p0010.xml;runs/api_candidates_sigungu_202509_202608/raw/20251001_20251031_p0011.xml;runs/api_candidates_sigungu_202509_202608/raw/20251001_20251031_p0012.xml;runs/api_candidates_sigungu_202509_202608/raw/20251001_20251031_p0013.xml;runs/api_candidates_sigungu_202509_202608/raw/20251001_20251031_p0014.xml;runs/api_candidates_sigungu_202509_202608/raw/20251001_20251031_p0015.xml;runs/api_candidates_sigungu_202509_202608/raw/20251001_20251031_p0016.xml;runs/api_candidates_sigungu_202509_202608/raw/20251001_20251031_p0017.xml;runs/api_candidates_sigungu_202509_202608/raw/20251001_20251031_p0018.xml;runs/api_candidates_sigungu_202509_202608/raw/20251001_20251031_p0019.xml;runs/api_candidates_sigungu_202509_202608/raw/20251001_20251031_p0020.xml;runs/api_candidates_sigungu_202509_202608/raw/20251001_20251031_p0021.xml;runs/api_candidates_sigungu_202509_202608/raw/20251001_20251031_p0022.xml;runs/api_candidates_sigungu_202509_202608/raw/20251001_20251031_p0023.xml;runs/api_candidates_sigungu_202509_202608/raw/20251001_20251031_p0024.xml;runs/api_candidates_sigungu_202509_202608/raw/20251001_20251031_p0025.xml,data/raw/20260914201612_숙박방문자 비율 추이(외지인).csv,"touDivNm=외지인(b), 행정코드=51150, 2025-10의 31일 touNum을 Decimal로 합산한 값=3178885.5.",다운로드 CSV의 해당 지역·월 '숙박방문자 비율'=25.6%를 그대로 보존. 전국평균과 기간 밖 행 제외.,region_code+month. 방문자 합계와 숙박비율을 나란히 결합하며 곱하지 않음.,Together_with_my_dog_cityselection/fetch_tourapi.py:258 summarize_month(); Together_with_my_dog_cityselection/prepare_city_comparison.py:53 main(),날짜 누락·중복·음수·비유한수는 집계 오류. 광역시와 기초시의 시 전체 범위 비교이며 동일 행정 규모가 아님.
51150,강릉시,sigungu,2025-11,2533821.5,22.8,runs/api_candidates_sigungu_202509_202608/raw/20251101_20251130_p0001.xml;runs/api_candidates_sigungu_202509_202608/raw/20251101_20251130_p0002.xml;runs/api_candidates_sigungu_202509_202608/raw/20251101_20251130_p0003.xml;runs/api_candidates_sigungu_202509_202608/raw/20251101_20251130_p0004.xml;runs/api_candidates_sigungu_202509_202608/raw/20251101_20251130_p0005.xml;runs/api_candidates_sigungu_202509_202608/raw/20251101_20251130_p0006.xml;runs/api_candidates_sigungu_202509_202608/raw/20251101_20251130_p0007.xml;runs/api_candidates_sigungu_202509_202608/raw/20251101_20251130_p0008.xml;runs/api_candidates_sigungu_202509_202608/raw/20251101_20251130_p0009.xml;runs/api_candidates_sigungu_202509_202608/raw/20251101_20251130_p0010.xml;runs/api_candidates_sigungu_202509_202608/raw/20251101_20251130_p0011.xml;runs/api_candidates_sigungu_202509_202608/raw/20251101_20251130_p0012.xml;runs/api_candidates_sigungu_202509_202608/raw/20251101_20251130_p0013.xml;runs/api_candidates_sigungu_202509_202608/raw/20251101_20251130_p0014.xml;runs/api_candidates_sigungu_202509_202608/raw/20251101_20251130_p0015.xml;runs/api_candidates_sigungu_202509_202608/raw/20251101_20251130_p0016.xml;runs/api_candidates_sigungu_202509_202608/raw/20251101_20251130_p0017.xml;runs/api_candidates_sigungu_202509_202608/raw/20251101_20251130_p0018.xml;runs/api_candidates_sigungu_202509_202608/raw/20251101_20251130_p0019.xml;runs/api_candidates_sigungu_202509_202608/raw/20251101_20251130_p0020.xml;runs/api_candidates_sigungu_202509_202608/raw/20251101_20251130_p0021.xml;runs/api_candidates_sigungu_202509_202608/raw/20251101_20251130_p0022.xml;runs/api_candidates_sigungu_202509_202608/raw/20251101_20251130_p0023.xml;runs/api_candidates_sigungu_202509_202608/raw/20251101_20251130_p0024.xml,data/raw/20260914201612_숙박방문자 비율 추이(외지인).csv,"touDivNm=외지인(b), 행정코드=51150, 2025-11의 30일 touNum을 Decimal로 합산한 값=2533821.5.",다운로드 CSV의 해당 지역·월 '숙박방문자 비율'=22.8%를 그대로 보존. 전국평균과 기간 밖 행 제외.,region_code+month. 방문자 합계와 숙박비율을 나란히 결합하며 곱하지 않음.,Together_with_my_dog_cityselection/fetch_tourapi.py:258 summarize_month(); Together_with_my_dog_cityselection/prepare_city_comparison.py:53 main(),날짜 누락·중복·음수·비유한수는 집계 오류. 광역시와 기초시의 시 전체 범위 비교이며 동일 행정 규모가 아님.
51150,강릉시,sigungu,2025-12,2665078.5,26.4,runs/api_candidates_sigungu_202509_202608/raw/20251201_20251231_p0001.xml;runs/api_candidates_sigungu_202509_202608/raw/20251201_20251231_p0002.xml;runs/api_candidates_sigungu_202509_202608/raw/20251201_20251231_p0003.xml;runs/api_candidates_sigungu_202509_202608/raw/20251201_20251231_p0004.xml;runs/api_candidates_sigungu_202509_202608/raw/20251201_20251231_p0005.xml;runs/api_candidates_sigungu_202509_202608/raw/20251201_20251231_p0006.xml;runs/api_candidates_sigungu_202509_202608/raw/20251201_20251231_p0007.xml;runs/api_candidates_sigungu_202509_202608/raw/20251201_20251231_p0008.xml;runs/api_candidates_sigungu_202509_202608/raw/20251201_20251231_p0009.xml;runs/api_candidates_sigungu_202509_202608/raw/20251201_20251231_p0010.xml;runs/api_candidates_sigungu_202509_202608/raw/20251201_20251231_p0011.xml;runs/api_candidates_sigungu_202509_202608/raw/20251201_20251231_p0012.xml;runs/api_candidates_sigungu_202509_202608/raw/20251201_20251231_p0013.xml;runs/api_candidates_sigungu_202509_202608/raw/20251201_20251231_p0014.xml;runs/api_candidates_sigungu_202509_202608/raw/20251201_20251231_p0015.xml;runs/api_candidates_sigungu_202509_202608/raw/20251201_20251231_p0016.xml;runs/api_candidates_sigungu_202509_202608/raw/20251201_20251231_p0017.xml;runs/api_candidates_sigungu_202509_202608/raw/20251201_20251231_p0018.xml;runs/api_candidates_sigungu_202509_202608/raw/20251201_20251231_p0019.xml;runs/api_candidates_sigungu_202509_202608/raw/20251201_20251231_p0020.xml;runs/api_candidates_sigungu_202509_202608/raw/20251201_20251231_p0021.xml;runs/api_candidates_sigungu_202509_202608/raw/20251201_20251231_p0022.xml;runs/api_candidates_sigungu_202509_202608/raw/20251201_20251231_p0023.xml;runs/api_candidates_sigungu_202509_202608/raw/20251201_20251231_p0024.xml;runs/api_candidates_sigungu_202509_202608/raw/20251201_20251231_p0025.xml,data/raw/20260914201612_숙박방문자 비율 추이(외지인).csv,"touDivNm=외지인(b), 행정코드=51150, 2025-12의 31일 touNum을 Decimal로 합산한 값=2665078.5.",다운로드 CSV의 해당 지역·월 '숙박방문자 비율'=26.4%를 그대로 보존. 전국평균과 기간 밖 행 제외.,region_code+month. 방문자 합계와 숙박비율을 나란히 결합하며 곱하지 않음.,Together_with_my_dog_cityselection/fetch_tourapi.py:258 summarize_month(); Together_with_my_dog_cityselection/prepare_city_comparison.py:53 main(),날짜 누락·중복·음수·비유한수는 집계 오류. 광역시와 기초시의 시 전체 범위 비교이며 동일 행정 규모가 아님.
51150,강릉시,sigungu,2026-01,2883552.0,24.5,runs/api_candidates_sigungu_202509_202608/raw/20260101_20260131_p0001.xml;runs/api_candidates_sigungu_202509_202608/raw/20260101_20260131_p0002.xml;runs/api_candidates_sigungu_202509_202608/raw/20260101_20260131_p0003.xml;runs/api_candidates_sigungu_202509_202608/raw/20260101_20260131_p0004.xml;runs/api_candidates_sigungu_202509_202608/raw/20260101_20260131_p0005.xml;runs/api_candidates_sigungu_202509_202608/raw/20260101_20260131_p0006.xml;runs/api_candidates_sigungu_202509_202608/raw/20260101_20260131_p0007.xml;runs/api_candidates_sigungu_202509_202608/raw/20260101_20260131_p0008.xml;runs/api_candidates_sigungu_202509_202608/raw/20260101_20260131_p0009.xml;runs/api_candidates_sigungu_202509_202608/raw/20260101_20260131_p0010.xml;runs/api_candidates_sigungu_202509_202608/raw/20260101_20260131_p0011.xml;runs/api_candidates_sigungu_202509_202608/raw/20260101_20260131_p0012.xml;runs/api_candidates_sigungu_202509_202608/raw/20260101_20260131_p0013.xml;runs/api_candidates_sigungu_202509_202608/raw/20260101_20260131_p0014.xml;runs/api_candidates_sigungu_202509_202608/raw/20260101_20260131_p0015.xml;runs/api_candidates_sigungu_202509_202608/raw/20260101_20260131_p0016.xml;runs/api_candidates_sigungu_202509_202608/raw/20260101_20260131_p0017.xml;runs/api_candidates_sigungu_202509_202608/raw/20260101_20260131_p0018.xml;runs/api_candidates_sigungu_202509_202608/raw/20260101_20260131_p0019.xml;runs/api_candidates_sigungu_202509_202608/raw/20260101_20260131_p0020.xml;runs/api_candidates_sigungu_202509_202608/raw/20260101_20260131_p0021.xml;runs/api_candidates_sigungu_202509_202608/raw/20260101_20260131_p0022.xml;runs/api_candidates_sigungu_202509_202608/raw/20260101_20260131_p0023.xml;runs/api_candidates_sigungu_202509_202608/raw/20260101_20260131_p0024.xml;runs/api_candidates_sigungu_202509_202608/raw/20260101_20260131_p0025.xml,data/raw/20260914201612_숙박방문자 비율 추이(외지인).csv,"touDivNm=외지인(b), 행정코드=51150, 2026-01의 31일 touNum을 Decimal로 합산한 값=2883552.0.",다운로드 CSV의 해당 지역·월 '숙박방문자 비율'=24.5%를 그대로 보존. 전국평균과 기간 밖 행 제외.,region_code+month. 방문자 합계와 숙박비율을 나란히 결합하며 곱하지 않음.,Together_with_my_dog_cityselection/fetch_tourapi.py:258 summarize_month(); Together_with_my_dog_cityselection/prepare_city_comparison.py:53 main(),날짜 누락·중복·음수·비유한수는 집계 오류. 광역시와 기초시의 시 전체 범위 비교이며 동일 행정 규모가 아님.
51150,강릉시,sigungu,2026-02,2865544.5,27.5,runs/api_candidates_sigungu_202509_202608/raw/20260201_20260228_p0001.xml;runs/api_candidates_sigungu_202509_202608/raw/20260201_20260228_p0002.xml;runs/api_candidates_sigungu_202509_202608/raw/20260201_20260228_p0003.xml;runs/api_candidates_sigungu_202509_202608/raw/20260201_20260228_p0004.xml;runs/api_candidates_sigungu_202509_202608/raw/20260201_20260228_p0005.xml;runs/api_candidates_sigungu_202509_202608/raw/20260201_20260228_p0006.xml;runs/api_candidates_sigungu_202509_202608/raw/20260201_20260228_p0007.xml;runs/api_candidates_sigungu_202509_202608/raw/20260201_20260228_p0008.xml;runs/api_candidates_sigungu_202509_202608/raw/20260201_20260228_p0009.xml;runs/api_candidates_sigungu_202509_202608/raw/20260201_20260228_p0010.xml;runs/api_candidates_sigungu_202509_202608/raw/20260201_20260228_p0011.xml;runs/api_candidates_sigungu_202509_202608/raw/20260201_20260228_p0012.xml;runs/api_candidates_sigungu_202509_202608/raw/20260201_20260228_p0013.xml;runs/api_candidates_sigungu_202509_202608/raw/20260201_20260228_p0014.xml;runs/api_candidates_sigungu_202509_202608/raw/20260201_20260228_p0015.xml;runs/api_candidates_sigungu_202509_202608/raw/20260201_20260228_p0016.xml;runs/api_candidates_sigungu_202509_202608/raw/20260201_20260228_p0017.xml;runs/api_candidates_sigungu_202509_202608/raw/20260201_20260228_p0018.xml;runs/api_candidates_sigungu_202509_202608/raw/20260201_20260228_p0019.xml;runs/api_candidates_sigungu_202509_202608/raw/20260201_20260228_p0020.xml;runs/api_candidates_sigungu_202509_202608/raw/20260201_20260228_p0021.xml;runs/api_candidates_sigungu_202509_202608/raw/20260201_20260228_p0022.xml;runs/api_candidates_sigungu_202509_202608/raw/20260201_20260228_p0023.xml,data/raw/20260914201612_숙박방문자 비율 추이(외지인).csv,"touDivNm=외지인(b), 행정코드=51150, 2026-02의 28일 touNum을 Decimal로 합산한 값=2865544.5.",다운로드 CSV의 해당 지역·월 '숙박방문자 비율'=27.5%를 그대로 보존. 전국평균과 기간 밖 행 제외.,region_code+month. 방문자 합계와 숙박비율을 나란히 결합하며 곱하지 않음.,Together_with_my_dog_cityselection/fetch_tourapi.py:258 summarize_month(); Together_with_my_dog_cityselection/prepare_city_comparison.py:53 main(),날짜 누락·중복·음수·비유한수는 집계 오류. 광역시와 기초시의 시 전체 범위 비교이며 동일 행정 규모가 아님.
51150,강릉시,sigungu,2026-03,2566970.0,21.8,runs/api_candidates_sigungu_202509_202608/raw/20260301_20260331_p0001.xml;runs/api_candidates_sigungu_202509_202608/raw/20260301_20260331_p0002.xml;runs/api_candidates_sigungu_202509_202608/raw/20260301_20260331_p0003.xml;runs/api_candidates_sigungu_202509_202608/raw/20260301_20260331_p0004.xml;runs/api_candidates_sigungu_202509_202608/raw/20260301_20260331_p0005.xml;runs/api_candidates_sigungu_202509_202608/raw/20260301_20260331_p0006.xml;runs/api_candidates_sigungu_202509_202608/raw/20260301_20260331_p0007.xml;runs/api_candidates_sigungu_202509_202608/raw/20260301_20260331_p0008.xml;runs/api_candidates_sigungu_202509_202608/raw/20260301_20260331_p0009.xml;runs/api_candidates_sigungu_202509_202608/raw/20260301_20260331_p0010.xml;runs/api_candidates_sigungu_202509_202608/raw/20260301_20260331_p0011.xml;runs/api_candidates_sigungu_202509_202608/raw/20260301_20260331_p0012.xml;runs/api_candidates_sigungu_202509_202608/raw/20260301_20260331_p0013.xml;runs/api_candidates_sigungu_202509_202608/raw/20260301_20260331_p0014.xml;runs/api_candidates_sigungu_202509_202608/raw/20260301_20260331_p0015.xml;runs/api_candidates_sigungu_202509_202608/raw/20260301_20260331_p0016.xml;runs/api_candidates_sigungu_202509_202608/raw/20260301_20260331_p0017.xml;runs/api_candidates_sigungu_202509_202608/raw/20260301_20260331_p0018.xml;runs/api_candidates_sigungu_202509_202608/raw/20260301_20260331_p0019.xml;runs/api_candidates_sigungu_202509_202608/raw/20260301_20260331_p0020.xml;runs/api_candidates_sigungu_202509_202608/raw/20260301_20260331_p0021.xml;runs/api_candidates_sigungu_202509_202608/raw/20260301_20260331_p0022.xml;runs/api_candidates_sigungu_202509_202608/raw/20260301_20260331_p0023.xml;runs/api_candidates_sigungu_202509_202608/raw/20260301_20260331_p0024.xml;runs/api_candidates_sigungu_202509_202608/raw/20260301_20260331_p0025.xml,data/raw/20260914201612_숙박방문자 비율 추이(외지인).csv,"touDivNm=외지인(b), 행정코드=51150, 2026-03의 31일 touNum을 Decimal로 합산한 값=2566970.0.",다운로드 CSV의 해당 지역·월 '숙박방문자 비율'=21.8%를 그대로 보존. 전국평균과 기간 밖 행 제외.,region_code+month. 방문자 합계와 숙박비율을 나란히 결합하며 곱하지 않음.,Together_with_my_dog_cityselection/fetch_tourapi.py:258 summarize_month(); Together_with_my_dog_cityselection/prepare_city_comparison.py:53 main(),날짜 누락·중복·음수·비유한수는 집계 오류. 광역시와 기초시의 시 전체 범위 비교이며 동일 행정 규모가 아님.
51150,강릉시,sigungu,2026-04,2480432.5,24.1,runs/api_candidates_sigungu_202509_202608/raw/20260401_20260430_p0001.xml;runs/api_candidates_sigungu_202509_202608/raw/20260401_20260430_p0002.xml;runs/api_candidates_sigungu_202509_202608/raw/20260401_20260430_p0003.xml;runs/api_candidates_sigungu_202509_202608/raw/20260401_20260430_p0004.xml;runs/api_candidates_sigungu_202509_202608/raw/20260401_20260430_p0005.xml;runs/api_candidates_sigungu_202509_202608/raw/20260401_20260430_p0006.xml;runs/api_candidates_sigungu_202509_202608/raw/20260401_20260430_p0007.xml;runs/api_candidates_sigungu_202509_202608/raw/20260401_20260430_p0008.xml;runs/api_candidates_sigungu_202509_202608/raw/20260401_20260430_p0009.xml;runs/api_candidates_sigungu_202509_202608/raw/20260401_20260430_p0010.xml;runs/api_candidates_sigungu_202509_202608/raw/20260401_20260430_p0011.xml;runs/api_candidates_sigungu_202509_202608/raw/20260401_20260430_p0012.xml;runs/api_candidates_sigungu_202509_202608/raw/20260401_20260430_p0013.xml;runs/api_candidates_sigungu_202509_202608/raw/20260401_20260430_p0014.xml;runs/api_candidates_sigungu_202509_202608/raw/20260401_20260430_p0015.xml;runs/api_candidates_sigungu_202509_202608/raw/20260401_20260430_p0016.xml;runs/api_candidates_sigungu_202509_202608/raw/20260401_20260430_p0017.xml;runs/api_candidates_sigungu_202509_202608/raw/20260401_20260430_p0018.xml;runs/api_candidates_sigungu_202509_202608/raw/20260401_20260430_p0019.xml;runs/api_candidates_sigungu_202509_202608/raw/20260401_20260430_p0020.xml;runs/api_candidates_sigungu_202509_202608/raw/20260401_20260430_p0021.xml;runs/api_candidates_sigungu_202509_202608/raw/20260401_20260430_p0022.xml;runs/api_candidates_sigungu_202509_202608/raw/20260401_20260430_p0023.xml;runs/api_candidates_sigungu_202509_202608/raw/20260401_20260430_p0024.xml;runs/api_candidates_sigungu_202509_202608/raw/20260401_20260430_p0025.xml,data/raw/20260914201612_숙박방문자 비율 추이(외지인).csv,"touDivNm=외지인(b), 행정코드=51150, 2026-04의 30일 touNum을 Decimal로 합산한 값=2480432.5.",다운로드 CSV의 해당 지역·월 '숙박방문자 비율'=24.1%를 그대로 보존. 전국평균과 기간 밖 행 제외.,region_code+month. 방문자 합계와 숙박비율을 나란히 결합하며 곱하지 않음.,Together_with_my_dog_cityselection/fetch_tourapi.py:258 summarize_month(); Together_with_my_dog_cityselection/prepare_city_comparison.py:53 main(),날짜 누락·중복·음수·비유한수는 집계 오류. 광역시와 기초시의 시 전체 범위 비교이며 동일 행정 규모가 아님.
51150,강릉시,sigungu,2026-05,3191114.5,25.2,runs/api_candidates_sigungu_202509_202608/raw/20260501_20260531_p0001.xml;runs/api_candidates_sigungu_202509_202608/raw/20260501_20260531_p0002.xml;runs/api_candidates_sigungu_202509_202608/raw/20260501_20260531_p0003.xml;runs/api_candidates_sigungu_202509_202608/raw/20260501_20260531_p0004.xml;runs/api_candidates_sigungu_202509_202608/raw/20260501_20260531_p0005.xml;runs/api_candidates_sigungu_202509_202608/raw/20260501_20260531_p0006.xml;runs/api_candidates_sigungu_202509_202608/raw/20260501_20260531_p0007.xml;runs/api_candidates_sigungu_202509_202608/raw/20260501_20260531_p0008.xml;runs/api_candidates_sigungu_202509_202608/raw/20260501_20260531_p0009.xml;runs/api_candidates_sigungu_202509_202608/raw/20260501_20260531_p0010.xml;runs/api_candidates_sigungu_202509_202608/raw/20260501_20260531_p0011.xml;runs/api_candidates_sigungu_202509_202608/raw/20260501_20260531_p0012.xml;runs/api_candidates_sigungu_202509_202608/raw/20260501_20260531_p0013.xml;runs/api_candidates_sigungu_202509_202608/raw/20260501_20260531_p0014.xml;runs/api_candidates_sigungu_202509_202608/raw/20260501_20260531_p0015.xml;runs/api_candidates_sigungu_202509_202608/raw/20260501_20260531_p0016.xml;runs/api_candidates_sigungu_202509_202608/raw/20260501_20260531_p0017.xml;runs/api_candidates_sigungu_202509_202608/raw/20260501_20260531_p0018.xml;runs/api_candidates_sigungu_202509_202608/raw/20260501_20260531_p0019.xml;runs/api_candidates_sigungu_202509_202608/raw/20260501_20260531_p0020.xml;runs/api_candidates_sigungu_202509_202608/raw/20260501_20260531_p0021.xml;runs/api_candidates_sigungu_202509_202608/raw/20260501_20260531_p0022.xml;runs/api_candidates_sigungu_202509_202608/raw/20260501_20260531_p0023.xml;runs/api_candidates_sigungu_202509_202608/raw/20260501_20260531_p0024.xml;runs/api_candidates_sigungu_202509_202608/raw/20260501_20260531_p0025.xml,data/raw/20260914201612_숙박방문자 비율 추이(외지인).csv,"touDivNm=외지인(b), 행정코드=51150, 2026-05의 31일 touNum을 Decimal로 합산한 값=3191114.5.",다운로드 CSV의 해당 지역·월 '숙박방문자 비율'=25.2%를 그대로 보존. 전국평균과 기간 밖 행 제외.,region_code+month. 방문자 합계와 숙박비율을 나란히 결합하며 곱하지 않음.,Together_with_my_dog_cityselection/fetch_tourapi.py:258 summarize_month(); Together_with_my_dog_cityselection/prepare_city_comparison.py:53 main(),날짜 누락·중복·음수·비유한수는 집계 오류. 광역시와 기초시의 시 전체 범위 비교이며 동일 행정 규모가 아님.
51150,강릉시,sigungu,2026-06,2810902.5,25.2,runs/api_candidates_sigungu_202509_202608/raw/20260601_20260630_p0001.xml;runs/api_candidates_sigungu_202509_202608/raw/20260601_20260630_p0002.xml;runs/api_candidates_sigungu_202509_202608/raw/20260601_20260630_p0003.xml;runs/api_candidates_sigungu_202509_202608/raw/20260601_20260630_p0004.xml;runs/api_candidates_sigungu_202509_202608/raw/20260601_20260630_p0005.xml;runs/api_candidates_sigungu_202509_202608/raw/20260601_20260630_p0006.xml;runs/api_candidates_sigungu_202509_202608/raw/20260601_20260630_p0007.xml;runs/api_candidates_sigungu_202509_202608/raw/20260601_20260630_p0008.xml;runs/api_candidates_sigungu_202509_202608/raw/20260601_20260630_p0009.xml;runs/api_candidates_sigungu_202509_202608/raw/20260601_20260630_p0010.xml;runs/api_candidates_sigungu_202509_202608/raw/20260601_20260630_p0011.xml;runs/api_candidates_sigungu_202509_202608/raw/20260601_20260630_p0012.xml;runs/api_candidates_sigungu_202509_202608/raw/20260601_20260630_p0013.xml;runs/api_candidates_sigungu_202509_202608/raw/20260601_20260630_p0014.xml;runs/api_candidates_sigungu_202509_202608/raw/20260601_20260630_p0015.xml;runs/api_candidates_sigungu_202509_202608/raw/20260601_20260630_p0016.xml;runs/api_candidates_sigungu_202509_202608/raw/20260601_20260630_p0017.xml;runs/api_candidates_sigungu_202509_202608/raw/20260601_20260630_p0018.xml;runs/api_candidates_sigungu_202509_202608/raw/20260601_20260630_p0019.xml;runs/api_candidates_sigungu_202509_202608/raw/20260601_20260630_p0020.xml;runs/api_candidates_sigungu_202509_202608/raw/20260601_20260630_p0021.xml;runs/api_candidates_sigungu_202509_202608/raw/20260601_20260630_p0022.xml;runs/api_candidates_sigungu_202509_202608/raw/20260601_20260630_p0023.xml;runs/api_candidates_sigungu_202509_202608/raw/20260601_20260630_p0024.xml;runs/api_candidates_sigungu_202509_202608/raw/20260601_20260630_p0025.xml,data/raw/20260914201612_숙박방문자 비율 추이(외지인).csv,"touDivNm=외지인(b), 행정코드=51150, 2026-06의 30일 touNum을 Decimal로 합산한 값=2810902.5.",다운로드 CSV의 해당 지역·월 '숙박방문자 비율'=25.2%를 그대로 보존. 전국평균과 기간 밖 행 제외.,region_code+month. 방문자 합계와 숙박비율을 나란히 결합하며 곱하지 않음.,Together_with_my_dog_cityselection/fetch_tourapi.py:258 summarize_month(); Together_with_my_dog_cityselection/prepare_city_comparison.py:53 main(),날짜 누락·중복·음수·비유한수는 집계 오류. 광역시와 기초시의 시 전체 범위 비교이며 동일 행정 규모가 아님.
51150,강릉시,sigungu,2026-07,3335318.0,27.6,runs/api_candidates_sigungu_202509_202608/raw/20260701_20260731_p0001.xml;runs/api_candidates_sigungu_202509_202608/raw/20260701_20260731_p0002.xml;runs/api_candidates_sigungu_202509_202608/raw/20260701_20260731_p0003.xml;runs/api_candidates_sigungu_202509_202608/raw/20260701_20260731_p0004.xml;runs/api_candidates_sigungu_202509_202608/raw/20260701_20260731_p0005.xml;runs/api_candidates_sigungu_202509_202608/raw/20260701_20260731_p0006.xml;runs/api_candidates_sigungu_202509_202608/raw/20260701_20260731_p0007.xml;runs/api_candidates_sigungu_202509_202608/raw/20260701_20260731_p0008.xml;runs/api_candidates_sigungu_202509_202608/raw/20260701_20260731_p0009.xml;runs/api_candidates_sigungu_202509_202608/raw/20260701_20260731_p0010.xml;runs/api_candidates_sigungu_202509_202608/raw/20260701_20260731_p0011.xml;runs/api_candidates_sigungu_202509_202608/raw/20260701_20260731_p0012.xml;runs/api_candidates_sigungu_202509_202608/raw/20260701_20260731_p0013.xml;runs/api_candidates_sigungu_202509_202608/raw/20260701_20260731_p0014.xml;runs/api_candidates_sigungu_202509_202608/raw/20260701_20260731_p0015.xml;runs/api_candidates_sigungu_202509_202608/raw/20260701_20260731_p0016.xml;runs/api_candidates_sigungu_202509_202608/raw/20260701_20260731_p0017.xml;runs/api_candidates_sigungu_202509_202608/raw/20260701_20260731_p0018.xml;runs/api_candidates_sigungu_202509_202608/raw/20260701_20260731_p0019.xml;runs/api_candidates_sigungu_202509_202608/raw/20260701_20260731_p0020.xml;runs/api_candidates_sigungu_202509_202608/raw/20260701_20260731_p0021.xml;runs/api_candidates_sigungu_202509_202608/raw/20260701_20260731_p0022.xml;runs/api_candidates_sigungu_202509_202608/raw/20260701_20260731_p0023.xml;runs/api_candidates_sigungu_202509_202608/raw/20260701_20260731_p0024.xml;runs/api_candidates_sigungu_202509_202608/raw/20260701_20260731_p0025.xml;runs/api_candidates_sigungu_202509_202608/raw/20260701_20260731_p0026.xml,data/raw/20260914201612_숙박방문자 비율 추이(외지인).csv,"touDivNm=외지인(b), 행정코드=51150, 2026-07의 31일 touNum을 Decimal로 합산한 값=3335318.0.",다운로드 CSV의 해당 지역·월 '숙박방문자 비율'=27.6%를 그대로 보존. 전국평균과 기간 밖 행 제외.,region_code+month. 방문자 합계와 숙박비율을 나란히 결합하며 곱하지 않음.,Together_with_my_dog_cityselection/fetch_tourapi.py:258 summarize_month(); Together_with_my_dog_cityselection/prepare_city_comparison.py:53 main(),날짜 누락·중복·음수·비유한수는 집계 오류. 광역시와 기초시의 시 전체 범위 비교이며 동일 행정 규모가 아님.
52110,전주시,sigungu,2025-09,6545112.0,8.8,runs/api_candidates_sigungu_202509_202608/raw/20250901_20250930_p0001.xml;runs/api_candidates_sigungu_202509_202608/raw/20250901_20250930_p0002.xml;runs/api_candidates_sigungu_202509_202608/raw/20250901_20250930_p0003.xml;runs/api_candidates_sigungu_202509_202608/raw/20250901_20250930_p0004.xml;runs/api_candidates_sigungu_202509_202608/raw/20250901_20250930_p0005.xml;runs/api_candidates_sigungu_202509_202608/raw/20250901_20250930_p0006.xml;runs/api_candidates_sigungu_202509_202608/raw/20250901_20250930_p0007.xml;runs/api_candidates_sigungu_202509_202608/raw/20250901_20250930_p0008.xml;runs/api_candidates_sigungu_202509_202608/raw/20250901_20250930_p0009.xml;runs/api_candidates_sigungu_202509_202608/raw/20250901_20250930_p0010.xml;runs/api_candidates_sigungu_202509_202608/raw/20250901_20250930_p0011.xml;runs/api_candidates_sigungu_202509_202608/raw/20250901_20250930_p0012.xml;runs/api_candidates_sigungu_202509_202608/raw/20250901_20250930_p0013.xml;runs/api_candidates_sigungu_202509_202608/raw/20250901_20250930_p0014.xml;runs/api_candidates_sigungu_202509_202608/raw/20250901_20250930_p0015.xml;runs/api_candidates_sigungu_202509_202608/raw/20250901_20250930_p0016.xml;runs/api_candidates_sigungu_202509_202608/raw/20250901_20250930_p0017.xml;runs/api_candidates_sigungu_202509_202608/raw/20250901_20250930_p0018.xml;runs/api_candidates_sigungu_202509_202608/raw/20250901_20250930_p0019.xml;runs/api_candidates_sigungu_202509_202608/raw/20250901_20250930_p0020.xml;runs/api_candidates_sigungu_202509_202608/raw/20250901_20250930_p0021.xml;runs/api_candidates_sigungu_202509_202608/raw/20250901_20250930_p0022.xml;runs/api_candidates_sigungu_202509_202608/raw/20250901_20250930_p0023.xml;runs/api_candidates_sigungu_202509_202608/raw/20250901_20250930_p0024.xml,data/raw/20260914201747_숙박방문자 비율 추이(외지인).csv,"touDivNm=외지인(b), 행정코드=52110, 2025-09의 30일 touNum을 Decimal로 합산한 값=6545112.0.",다운로드 CSV의 해당 지역·월 '숙박방문자 비율'=8.8%를 그대로 보존. 전국평균과 기간 밖 행 제외.,region_code+month. 방문자 합계와 숙박비율을 나란히 결합하며 곱하지 않음.,Together_with_my_dog_cityselection/fetch_tourapi.py:258 summarize_month(); Together_with_my_dog_cityselection/prepare_city_comparison.py:53 main(),날짜 누락·중복·음수·비유한수는 집계 오류. 광역시와 기초시의 시 전체 범위 비교이며 동일 행정 규모가 아님.
52110,전주시,sigungu,2025-10,7166285.0,12.6,runs/api_candidates_sigungu_202509_202608/raw/20251001_20251031_p0001.xml;runs/api_candidates_sigungu_202509_202608/raw/20251001_20251031_p0002.xml;runs/api_candidates_sigungu_202509_202608/raw/20251001_20251031_p0003.xml;runs/api_candidates_sigungu_202509_202608/raw/20251001_20251031_p0004.xml;runs/api_candidates_sigungu_202509_202608/raw/20251001_20251031_p0005.xml;runs/api_candidates_sigungu_202509_202608/raw/20251001_20251031_p0006.xml;runs/api_candidates_sigungu_202509_202608/raw/20251001_20251031_p0007.xml;runs/api_candidates_sigungu_202509_202608/raw/20251001_20251031_p0008.xml;runs/api_candidates_sigungu_202509_202608/raw/20251001_20251031_p0009.xml;runs/api_candidates_sigungu_202509_202608/raw/20251001_20251031_p0010.xml;runs/api_candidates_sigungu_202509_202608/raw/20251001_20251031_p0011.xml;runs/api_candidates_sigungu_202509_202608/raw/20251001_20251031_p0012.xml;runs/api_candidates_sigungu_202509_202608/raw/20251001_20251031_p0013.xml;runs/api_candidates_sigungu_202509_202608/raw/20251001_20251031_p0014.xml;runs/api_candidates_sigungu_202509_202608/raw/20251001_20251031_p0015.xml;runs/api_candidates_sigungu_202509_202608/raw/20251001_20251031_p0016.xml;runs/api_candidates_sigungu_202509_202608/raw/20251001_20251031_p0017.xml;runs/api_candidates_sigungu_202509_202608/raw/20251001_20251031_p0018.xml;runs/api_candidates_sigungu_202509_202608/raw/20251001_20251031_p0019.xml;runs/api_candidates_sigungu_202509_202608/raw/20251001_20251031_p0020.xml;runs/api_candidates_sigungu_202509_202608/raw/20251001_20251031_p0021.xml;runs/api_candidates_sigungu_202509_202608/raw/20251001_20251031_p0022.xml;runs/api_candidates_sigungu_202509_202608/raw/20251001_20251031_p0023.xml;runs/api_candidates_sigungu_202509_202608/raw/20251001_20251031_p0024.xml;runs/api_candidates_sigungu_202509_202608/raw/20251001_20251031_p0025.xml,data/raw/20260914201747_숙박방문자 비율 추이(외지인).csv,"touDivNm=외지인(b), 행정코드=52110, 2025-10의 31일 touNum을 Decimal로 합산한 값=7166285.0.",다운로드 CSV의 해당 지역·월 '숙박방문자 비율'=12.6%를 그대로 보존. 전국평균과 기간 밖 행 제외.,region_code+month. 방문자 합계와 숙박비율을 나란히 결합하며 곱하지 않음.,Together_with_my_dog_cityselection/fetch_tourapi.py:258 summarize_month(); Together_with_my_dog_cityselection/prepare_city_comparison.py:53 main(),날짜 누락·중복·음수·비유한수는 집계 오류. 광역시와 기초시의 시 전체 범위 비교이며 동일 행정 규모가 아님.
52110,전주시,sigungu,2025-11,6545136.5,9.1,runs/api_candidates_sigungu_202509_202608/raw/20251101_20251130_p0001.xml;runs/api_candidates_sigungu_202509_202608/raw/20251101_20251130_p0002.xml;runs/api_candidates_sigungu_202509_202608/raw/20251101_20251130_p0003.xml;runs/api_candidates_sigungu_202509_202608/raw/20251101_20251130_p0004.xml;runs/api_candidates_sigungu_202509_202608/raw/20251101_20251130_p0005.xml;runs/api_candidates_sigungu_202509_202608/raw/20251101_20251130_p0006.xml;runs/api_candidates_sigungu_202509_202608/raw/20251101_20251130_p0007.xml;runs/api_candidates_sigungu_202509_202608/raw/20251101_20251130_p0008.xml;runs/api_candidates_sigungu_202509_202608/raw/20251101_20251130_p0009.xml;runs/api_candidates_sigungu_202509_202608/raw/20251101_20251130_p0010.xml;runs/api_candidates_sigungu_202509_202608/raw/20251101_20251130_p0011.xml;runs/api_candidates_sigungu_202509_202608/raw/20251101_20251130_p0012.xml;runs/api_candidates_sigungu_202509_202608/raw/20251101_20251130_p0013.xml;runs/api_candidates_sigungu_202509_202608/raw/20251101_20251130_p0014.xml;runs/api_candidates_sigungu_202509_202608/raw/20251101_20251130_p0015.xml;runs/api_candidates_sigungu_202509_202608/raw/20251101_20251130_p0016.xml;runs/api_candidates_sigungu_202509_202608/raw/20251101_20251130_p0017.xml;runs/api_candidates_sigungu_202509_202608/raw/20251101_20251130_p0018.xml;runs/api_candidates_sigungu_202509_202608/raw/20251101_20251130_p0019.xml;runs/api_candidates_sigungu_202509_202608/raw/20251101_20251130_p0020.xml;runs/api_candidates_sigungu_202509_202608/raw/20251101_20251130_p0021.xml;runs/api_candidates_sigungu_202509_202608/raw/20251101_20251130_p0022.xml;runs/api_candidates_sigungu_202509_202608/raw/20251101_20251130_p0023.xml;runs/api_candidates_sigungu_202509_202608/raw/20251101_20251130_p0024.xml,data/raw/20260914201747_숙박방문자 비율 추이(외지인).csv,"touDivNm=외지인(b), 행정코드=52110, 2025-11의 30일 touNum을 Decimal로 합산한 값=6545136.5.",다운로드 CSV의 해당 지역·월 '숙박방문자 비율'=9.1%를 그대로 보존. 전국평균과 기간 밖 행 제외.,region_code+month. 방문자 합계와 숙박비율을 나란히 결합하며 곱하지 않음.,Together_with_my_dog_cityselection/fetch_tourapi.py:258 summarize_month(); Together_with_my_dog_cityselection/prepare_city_comparison.py:53 main(),날짜 누락·중복·음수·비유한수는 집계 오류. 광역시와 기초시의 시 전체 범위 비교이며 동일 행정 규모가 아님.
52110,전주시,sigungu,2025-12,6531791.0,9.6,runs/api_candidates_sigungu_202509_202608/raw/20251201_20251231_p0001.xml;runs/api_candidates_sigungu_202509_202608/raw/20251201_20251231_p0002.xml;runs/api_candidates_sigungu_202509_202608/raw/20251201_20251231_p0003.xml;runs/api_candidates_sigungu_202509_202608/raw/20251201_20251231_p0004.xml;runs/api_candidates_sigungu_202509_202608/raw/20251201_20251231_p0005.xml;runs/api_candidates_sigungu_202509_202608/raw/20251201_20251231_p0006.xml;runs/api_candidates_sigungu_202509_202608/raw/20251201_20251231_p0007.xml;runs/api_candidates_sigungu_202509_202608/raw/20251201_20251231_p0008.xml;runs/api_candidates_sigungu_202509_202608/raw/20251201_20251231_p0009.xml;runs/api_candidates_sigungu_202509_202608/raw/20251201_20251231_p0010.xml;runs/api_candidates_sigungu_202509_202608/raw/20251201_20251231_p0011.xml;runs/api_candidates_sigungu_202509_202608/raw/20251201_20251231_p0012.xml;runs/api_candidates_sigungu_202509_202608/raw/20251201_20251231_p0013.xml;runs/api_candidates_sigungu_202509_202608/raw/20251201_20251231_p0014.xml;runs/api_candidates_sigungu_202509_202608/raw/20251201_20251231_p0015.xml;runs/api_candidates_sigungu_202509_202608/raw/20251201_20251231_p0016.xml;runs/api_candidates_sigungu_202509_202608/raw/20251201_20251231_p0017.xml;runs/api_candidates_sigungu_202509_202608/raw/20251201_20251231_p0018.xml;runs/api_candidates_sigungu_202509_202608/raw/20251201_20251231_p0019.xml;runs/api_candidates_sigungu_202509_202608/raw/20251201_20251231_p0020.xml;runs/api_candidates_sigungu_202509_202608/raw/20251201_20251231_p0021.xml;runs/api_candidates_sigungu_202509_202608/raw/20251201_20251231_p0022.xml;runs/api_candidates_sigungu_202509_202608/raw/20251201_20251231_p0023.xml;runs/api_candidates_sigungu_202509_202608/raw/20251201_20251231_p0024.xml;runs/api_candidates_sigungu_202509_202608/raw/20251201_20251231_p0025.xml,data/raw/20260914201747_숙박방문자 비율 추이(외지인).csv,"touDivNm=외지인(b), 행정코드=52110, 2025-12의 31일 touNum을 Decimal로 합산한 값=6531791.0.",다운로드 CSV의 해당 지역·월 '숙박방문자 비율'=9.6%를 그대로 보존. 전국평균과 기간 밖 행 제외.,region_code+month. 방문자 합계와 숙박비율을 나란히 결합하며 곱하지 않음.,Together_with_my_dog_cityselection/fetch_tourapi.py:258 summarize_month(); Together_with_my_dog_cityselection/prepare_city_comparison.py:53 main(),날짜 누락·중복·음수·비유한수는 집계 오류. 광역시와 기초시의 시 전체 범위 비교이며 동일 행정 규모가 아님.
52110,전주시,sigungu,2026-01,6220301.5,9.6,runs/api_candidates_sigungu_202509_202608/raw/20260101_20260131_p0001.xml;runs/api_candidates_sigungu_202509_202608/raw/20260101_20260131_p0002.xml;runs/api_candidates_sigungu_202509_202608/raw/20260101_20260131_p0003.xml;runs/api_candidates_sigungu_202509_202608/raw/20260101_20260131_p0004.xml;runs/api_candidates_sigungu_202509_202608/raw/20260101_20260131_p0005.xml;runs/api_candidates_sigungu_202509_202608/raw/20260101_20260131_p0006.xml;runs/api_candidates_sigungu_202509_202608/raw/20260101_20260131_p0007.xml;runs/api_candidates_sigungu_202509_202608/raw/20260101_20260131_p0008.xml;runs/api_candidates_sigungu_202509_202608/raw/20260101_20260131_p0009.xml;runs/api_candidates_sigungu_202509_202608/raw/20260101_20260131_p0010.xml;runs/api_candidates_sigungu_202509_202608/raw/20260101_20260131_p0011.xml;runs/api_candidates_sigungu_202509_202608/raw/20260101_20260131_p0012.xml;runs/api_candidates_sigungu_202509_202608/raw/20260101_20260131_p0013.xml;runs/api_candidates_sigungu_202509_202608/raw/20260101_20260131_p0014.xml;runs/api_candidates_sigungu_202509_202608/raw/20260101_20260131_p0015.xml;runs/api_candidates_sigungu_202509_202608/raw/20260101_20260131_p0016.xml;runs/api_candidates_sigungu_202509_202608/raw/20260101_20260131_p0017.xml;runs/api_candidates_sigungu_202509_202608/raw/20260101_20260131_p0018.xml;runs/api_candidates_sigungu_202509_202608/raw/20260101_20260131_p0019.xml;runs/api_candidates_sigungu_202509_202608/raw/20260101_20260131_p0020.xml;runs/api_candidates_sigungu_202509_202608/raw/20260101_20260131_p0021.xml;runs/api_candidates_sigungu_202509_202608/raw/20260101_20260131_p0022.xml;runs/api_candidates_sigungu_202509_202608/raw/20260101_20260131_p0023.xml;runs/api_candidates_sigungu_202509_202608/raw/20260101_20260131_p0024.xml;runs/api_candidates_sigungu_202509_202608/raw/20260101_20260131_p0025.xml,data/raw/20260914201747_숙박방문자 비율 추이(외지인).csv,"touDivNm=외지인(b), 행정코드=52110, 2026-01의 31일 touNum을 Decimal로 합산한 값=6220301.5.",다운로드 CSV의 해당 지역·월 '숙박방문자 비율'=9.6%를 그대로 보존. 전국평균과 기간 밖 행 제외.,region_code+month. 방문자 합계와 숙박비율을 나란히 결합하며 곱하지 않음.,Together_with_my_dog_cityselection/fetch_tourapi.py:258 summarize_month(); Together_with_my_dog_cityselection/prepare_city_comparison.py:53 main(),날짜 누락·중복·음수·비유한수는 집계 오류. 광역시와 기초시의 시 전체 범위 비교이며 동일 행정 규모가 아님.
52110,전주시,sigungu,2026-02,6264356.0,12.0,runs/api_candidates_sigungu_202509_202608/raw/20260201_20260228_p0001.xml;runs/api_candidates_sigungu_202509_202608/raw/20260201_20260228_p0002.xml;runs/api_candidates_sigungu_202509_202608/raw/20260201_20260228_p0003.xml;runs/api_candidates_sigungu_202509_202608/raw/20260201_20260228_p0004.xml;runs/api_candidates_sigungu_202509_202608/raw/20260201_20260228_p0005.xml;runs/api_candidates_sigungu_202509_202608/raw/20260201_20260228_p0006.xml;runs/api_candidates_sigungu_202509_202608/raw/20260201_20260228_p0007.xml;runs/api_candidates_sigungu_202509_202608/raw/20260201_20260228_p0008.xml;runs/api_candidates_sigungu_202509_202608/raw/20260201_20260228_p0009.xml;runs/api_candidates_sigungu_202509_202608/raw/20260201_20260228_p0010.xml;runs/api_candidates_sigungu_202509_202608/raw/20260201_20260228_p0011.xml;runs/api_candidates_sigungu_202509_202608/raw/20260201_20260228_p0012.xml;runs/api_candidates_sigungu_202509_202608/raw/20260201_20260228_p0013.xml;runs/api_candidates_sigungu_202509_202608/raw/20260201_20260228_p0014.xml;runs/api_candidates_sigungu_202509_202608/raw/20260201_20260228_p0015.xml;runs/api_candidates_sigungu_202509_202608/raw/20260201_20260228_p0016.xml;runs/api_candidates_sigungu_202509_202608/raw/20260201_20260228_p0017.xml;runs/api_candidates_sigungu_202509_202608/raw/20260201_20260228_p0018.xml;runs/api_candidates_sigungu_202509_202608/raw/20260201_20260228_p0019.xml;runs/api_candidates_sigungu_202509_202608/raw/20260201_20260228_p0020.xml;runs/api_candidates_sigungu_202509_202608/raw/20260201_20260228_p0021.xml;runs/api_candidates_sigungu_202509_202608/raw/20260201_20260228_p0022.xml;runs/api_candidates_sigungu_202509_202608/raw/20260201_20260228_p0023.xml,data/raw/20260914201747_숙박방문자 비율 추이(외지인).csv,"touDivNm=외지인(b), 행정코드=52110, 2026-02의 28일 touNum을 Decimal로 합산한 값=6264356.0.",다운로드 CSV의 해당 지역·월 '숙박방문자 비율'=12.0%를 그대로 보존. 전국평균과 기간 밖 행 제외.,region_code+month. 방문자 합계와 숙박비율을 나란히 결합하며 곱하지 않음.,Together_with_my_dog_cityselection/fetch_tourapi.py:258 summarize_month(); Together_with_my_dog_cityselection/prepare_city_comparison.py:53 main(),날짜 누락·중복·음수·비유한수는 집계 오류. 광역시와 기초시의 시 전체 범위 비교이며 동일 행정 규모가 아님.
52110,전주시,sigungu,2026-03,7144578.0,9.0,runs/api_candidates_sigungu_202509_202608/raw/20260301_20260331_p0001.xml;runs/api_candidates_sigungu_202509_202608/raw/20260301_20260331_p0002.xml;runs/api_candidates_sigungu_202509_202608/raw/20260301_20260331_p0003.xml;runs/api_candidates_sigungu_202509_202608/raw/20260301_20260331_p0004.xml;runs/api_candidates_sigungu_202509_202608/raw/20260301_20260331_p0005.xml;runs/api_candidates_sigungu_202509_202608/raw/20260301_20260331_p0006.xml;runs/api_candidates_sigungu_202509_202608/raw/20260301_20260331_p0007.xml;runs/api_candidates_sigungu_202509_202608/raw/20260301_20260331_p0008.xml;runs/api_candidates_sigungu_202509_202608/raw/20260301_20260331_p0009.xml;runs/api_candidates_sigungu_202509_202608/raw/20260301_20260331_p0010.xml;runs/api_candidates_sigungu_202509_202608/raw/20260301_20260331_p0011.xml;runs/api_candidates_sigungu_202509_202608/raw/20260301_20260331_p0012.xml;runs/api_candidates_sigungu_202509_202608/raw/20260301_20260331_p0013.xml;runs/api_candidates_sigungu_202509_202608/raw/20260301_20260331_p0014.xml;runs/api_candidates_sigungu_202509_202608/raw/20260301_20260331_p0015.xml;runs/api_candidates_sigungu_202509_202608/raw/20260301_20260331_p0016.xml;runs/api_candidates_sigungu_202509_202608/raw/20260301_20260331_p0017.xml;runs/api_candidates_sigungu_202509_202608/raw/20260301_20260331_p0018.xml;runs/api_candidates_sigungu_202509_202608/raw/20260301_20260331_p0019.xml;runs/api_candidates_sigungu_202509_202608/raw/20260301_20260331_p0020.xml;runs/api_candidates_sigungu_202509_202608/raw/20260301_20260331_p0021.xml;runs/api_candidates_sigungu_202509_202608/raw/20260301_20260331_p0022.xml;runs/api_candidates_sigungu_202509_202608/raw/20260301_20260331_p0023.xml;runs/api_candidates_sigungu_202509_202608/raw/20260301_20260331_p0024.xml;runs/api_candidates_sigungu_202509_202608/raw/20260301_20260331_p0025.xml,data/raw/20260914201747_숙박방문자 비율 추이(외지인).csv,"touDivNm=외지인(b), 행정코드=52110, 2026-03의 31일 touNum을 Decimal로 합산한 값=7144578.0.",다운로드 CSV의 해당 지역·월 '숙박방문자 비율'=9.0%를 그대로 보존. 전국평균과 기간 밖 행 제외.,region_code+month. 방문자 합계와 숙박비율을 나란히 결합하며 곱하지 않음.,Together_with_my_dog_cityselection/fetch_tourapi.py:258 summarize_month(); Together_with_my_dog_cityselection/prepare_city_comparison.py:53 main(),날짜 누락·중복·음수·비유한수는 집계 오류. 광역시와 기초시의 시 전체 범위 비교이며 동일 행정 규모가 아님.
52110,전주시,sigungu,2026-04,6093731.0,9.4,runs/api_candidates_sigungu_202509_202608/raw/20260401_20260430_p0001.xml;runs/api_candidates_sigungu_202509_202608/raw/20260401_20260430_p0002.xml;runs/api_candidates_sigungu_202509_202608/raw/20260401_20260430_p0003.xml;runs/api_candidates_sigungu_202509_202608/raw/20260401_20260430_p0004.xml;runs/api_candidates_sigungu_202509_202608/raw/20260401_20260430_p0005.xml;runs/api_candidates_sigungu_202509_202608/raw/20260401_20260430_p0006.xml;runs/api_candidates_sigungu_202509_202608/raw/20260401_20260430_p0007.xml;runs/api_candidates_sigungu_202509_202608/raw/20260401_20260430_p0008.xml;runs/api_candidates_sigungu_202509_202608/raw/20260401_20260430_p0009.xml;runs/api_candidates_sigungu_202509_202608/raw/20260401_20260430_p0010.xml;runs/api_candidates_sigungu_202509_202608/raw/20260401_20260430_p0011.xml;runs/api_candidates_sigungu_202509_202608/raw/20260401_20260430_p0012.xml;runs/api_candidates_sigungu_202509_202608/raw/20260401_20260430_p0013.xml;runs/api_candidates_sigungu_202509_202608/raw/20260401_20260430_p0014.xml;runs/api_candidates_sigungu_202509_202608/raw/20260401_20260430_p0015.xml;runs/api_candidates_sigungu_202509_202608/raw/20260401_20260430_p0016.xml;runs/api_candidates_sigungu_202509_202608/raw/20260401_20260430_p0017.xml;runs/api_candidates_sigungu_202509_202608/raw/20260401_20260430_p0018.xml;runs/api_candidates_sigungu_202509_202608/raw/20260401_20260430_p0019.xml;runs/api_candidates_sigungu_202509_202608/raw/20260401_20260430_p0020.xml;runs/api_candidates_sigungu_202509_202608/raw/20260401_20260430_p0021.xml;runs/api_candidates_sigungu_202509_202608/raw/20260401_20260430_p0022.xml;runs/api_candidates_sigungu_202509_202608/raw/20260401_20260430_p0023.xml;runs/api_candidates_sigungu_202509_202608/raw/20260401_20260430_p0024.xml;runs/api_candidates_sigungu_202509_202608/raw/20260401_20260430_p0025.xml,data/raw/20260914201747_숙박방문자 비율 추이(외지인).csv,"touDivNm=외지인(b), 행정코드=52110, 2026-04의 30일 touNum을 Decimal로 합산한 값=6093731.0.",다운로드 CSV의 해당 지역·월 '숙박방문자 비율'=9.4%를 그대로 보존. 전국평균과 기간 밖 행 제외.,region_code+month. 방문자 합계와 숙박비율을 나란히 결합하며 곱하지 않음.,Together_with_my_dog_cityselection/fetch_tourapi.py:258 summarize_month(); Together_with_my_dog_cityselection/prepare_city_comparison.py:53 main(),날짜 누락·중복·음수·비유한수는 집계 오류. 광역시와 기초시의 시 전체 범위 비교이며 동일 행정 규모가 아님.
52110,전주시,sigungu,2026-05,6910018.5,10.3,runs/api_candidates_sigungu_202509_202608/raw/20260501_20260531_p0001.xml;runs/api_candidates_sigungu_202509_202608/raw/20260501_20260531_p0002.xml;runs/api_candidates_sigungu_202509_202608/raw/20260501_20260531_p0003.xml;runs/api_candidates_sigungu_202509_202608/raw/20260501_20260531_p0004.xml;runs/api_candidates_sigungu_202509_202608/raw/20260501_20260531_p0005.xml;runs/api_candidates_sigungu_202509_202608/raw/20260501_20260531_p0006.xml;runs/api_candidates_sigungu_202509_202608/raw/20260501_20260531_p0007.xml;runs/api_candidates_sigungu_202509_202608/raw/20260501_20260531_p0008.xml;runs/api_candidates_sigungu_202509_202608/raw/20260501_20260531_p0009.xml;runs/api_candidates_sigungu_202509_202608/raw/20260501_20260531_p0010.xml;runs/api_candidates_sigungu_202509_202608/raw/20260501_20260531_p0011.xml;runs/api_candidates_sigungu_202509_202608/raw/20260501_20260531_p0012.xml;runs/api_candidates_sigungu_202509_202608/raw/20260501_20260531_p0013.xml;runs/api_candidates_sigungu_202509_202608/raw/20260501_20260531_p0014.xml;runs/api_candidates_sigungu_202509_202608/raw/20260501_20260531_p0015.xml;runs/api_candidates_sigungu_202509_202608/raw/20260501_20260531_p0016.xml;runs/api_candidates_sigungu_202509_202608/raw/20260501_20260531_p0017.xml;runs/api_candidates_sigungu_202509_202608/raw/20260501_20260531_p0018.xml;runs/api_candidates_sigungu_202509_202608/raw/20260501_20260531_p0019.xml;runs/api_candidates_sigungu_202509_202608/raw/20260501_20260531_p0020.xml;runs/api_candidates_sigungu_202509_202608/raw/20260501_20260531_p0021.xml;runs/api_candidates_sigungu_202509_202608/raw/20260501_20260531_p0022.xml;runs/api_candidates_sigungu_202509_202608/raw/20260501_20260531_p0023.xml;runs/api_candidates_sigungu_202509_202608/raw/20260501_20260531_p0024.xml;runs/api_candidates_sigungu_202509_202608/raw/20260501_20260531_p0025.xml,data/raw/20260914201747_숙박방문자 비율 추이(외지인).csv,"touDivNm=외지인(b), 행정코드=52110, 2026-05의 31일 touNum을 Decimal로 합산한 값=6910018.5.",다운로드 CSV의 해당 지역·월 '숙박방문자 비율'=10.3%를 그대로 보존. 전국평균과 기간 밖 행 제외.,region_code+month. 방문자 합계와 숙박비율을 나란히 결합하며 곱하지 않음.,Together_with_my_dog_cityselection/fetch_tourapi.py:258 summarize_month(); Together_with_my_dog_cityselection/prepare_city_comparison.py:53 main(),날짜 누락·중복·음수·비유한수는 집계 오류. 광역시와 기초시의 시 전체 범위 비교이며 동일 행정 규모가 아님.
52110,전주시,sigungu,2026-06,5990369.0,8.7,runs/api_candidates_sigungu_202509_202608/raw/20260601_20260630_p0001.xml;runs/api_candidates_sigungu_202509_202608/raw/20260601_20260630_p0002.xml;runs/api_candidates_sigungu_202509_202608/raw/20260601_20260630_p0003.xml;runs/api_candidates_sigungu_202509_202608/raw/20260601_20260630_p0004.xml;runs/api_candidates_sigungu_202509_202608/raw/20260601_20260630_p0005.xml;runs/api_candidates_sigungu_202509_202608/raw/20260601_20260630_p0006.xml;runs/api_candidates_sigungu_202509_202608/raw/20260601_20260630_p0007.xml;runs/api_candidates_sigungu_202509_202608/raw/20260601_20260630_p0008.xml;runs/api_candidates_sigungu_202509_202608/raw/20260601_20260630_p0009.xml;runs/api_candidates_sigungu_202509_202608/raw/20260601_20260630_p0010.xml;runs/api_candidates_sigungu_202509_202608/raw/20260601_20260630_p0011.xml;runs/api_candidates_sigungu_202509_202608/raw/20260601_20260630_p0012.xml;runs/api_candidates_sigungu_202509_202608/raw/20260601_20260630_p0013.xml;runs/api_candidates_sigungu_202509_202608/raw/20260601_20260630_p0014.xml;runs/api_candidates_sigungu_202509_202608/raw/20260601_20260630_p0015.xml;runs/api_candidates_sigungu_202509_202608/raw/20260601_20260630_p0016.xml;runs/api_candidates_sigungu_202509_202608/raw/20260601_20260630_p0017.xml;runs/api_candidates_sigungu_202509_202608/raw/20260601_20260630_p0018.xml;runs/api_candidates_sigungu_202509_202608/raw/20260601_20260630_p0019.xml;runs/api_candidates_sigungu_202509_202608/raw/20260601_20260630_p0020.xml;runs/api_candidates_sigungu_202509_202608/raw/20260601_20260630_p0021.xml;runs/api_candidates_sigungu_202509_202608/raw/20260601_20260630_p0022.xml;runs/api_candidates_sigungu_202509_202608/raw/20260601_20260630_p0023.xml;runs/api_candidates_sigungu_202509_202608/raw/20260601_20260630_p0024.xml;runs/api_candidates_sigungu_202509_202608/raw/20260601_20260630_p0025.xml,data/raw/20260914201747_숙박방문자 비율 추이(외지인).csv,"touDivNm=외지인(b), 행정코드=52110, 2026-06의 30일 touNum을 Decimal로 합산한 값=5990369.0.",다운로드 CSV의 해당 지역·월 '숙박방문자 비율'=8.7%를 그대로 보존. 전국평균과 기간 밖 행 제외.,region_code+month. 방문자 합계와 숙박비율을 나란히 결합하며 곱하지 않음.,Together_with_my_dog_cityselection/fetch_tourapi.py:258 summarize_month(); Together_with_my_dog_cityselection/prepare_city_comparison.py:53 main(),날짜 누락·중복·음수·비유한수는 집계 오류. 광역시와 기초시의 시 전체 범위 비교이며 동일 행정 규모가 아님.
52110,전주시,sigungu,2026-07,6239110.5,9.8,runs/api_candidates_sigungu_202509_202608/raw/20260701_20260731_p0001.xml;runs/api_candidates_sigungu_202509_202608/raw/20260701_20260731_p0002.xml;runs/api_candidates_sigungu_202509_202608/raw/20260701_20260731_p0003.xml;runs/api_candidates_sigungu_202509_202608/raw/20260701_20260731_p0004.xml;runs/api_candidates_sigungu_202509_202608/raw/20260701_20260731_p0005.xml;runs/api_candidates_sigungu_202509_202608/raw/20260701_20260731_p0006.xml;runs/api_candidates_sigungu_202509_202608/raw/20260701_20260731_p0007.xml;runs/api_candidates_sigungu_202509_202608/raw/20260701_20260731_p0008.xml;runs/api_candidates_sigungu_202509_202608/raw/20260701_20260731_p0009.xml;runs/api_candidates_sigungu_202509_202608/raw/20260701_20260731_p0010.xml;runs/api_candidates_sigungu_202509_202608/raw/20260701_20260731_p0011.xml;runs/api_candidates_sigungu_202509_202608/raw/20260701_20260731_p0012.xml;runs/api_candidates_sigungu_202509_202608/raw/20260701_20260731_p0013.xml;runs/api_candidates_sigungu_202509_202608/raw/20260701_20260731_p0014.xml;runs/api_candidates_sigungu_202509_202608/raw/20260701_20260731_p0015.xml;runs/api_candidates_sigungu_202509_202608/raw/20260701_20260731_p0016.xml;runs/api_candidates_sigungu_202509_202608/raw/20260701_20260731_p0017.xml;runs/api_candidates_sigungu_202509_202608/raw/20260701_20260731_p0018.xml;runs/api_candidates_sigungu_202509_202608/raw/20260701_20260731_p0019.xml;runs/api_candidates_sigungu_202509_202608/raw/20260701_20260731_p0020.xml;runs/api_candidates_sigungu_202509_202608/raw/20260701_20260731_p0021.xml;runs/api_candidates_sigungu_202509_202608/raw/20260701_20260731_p0022.xml;runs/api_candidates_sigungu_202509_202608/raw/20260701_20260731_p0023.xml;runs/api_candidates_sigungu_202509_202608/raw/20260701_20260731_p0024.xml;runs/api_candidates_sigungu_202509_202608/raw/20260701_20260731_p0025.xml;runs/api_candidates_sigungu_202509_202608/raw/20260701_20260731_p0026.xml,data/raw/20260914201747_숙박방문자 비율 추이(외지인).csv,"touDivNm=외지인(b), 행정코드=52110, 2026-07의 31일 touNum을 Decimal로 합산한 값=6239110.5.",다운로드 CSV의 해당 지역·월 '숙박방문자 비율'=9.8%를 그대로 보존. 전국평균과 기간 밖 행 제외.,region_code+month. 방문자 합계와 숙박비율을 나란히 결합하며 곱하지 않음.,Together_with_my_dog_cityselection/fetch_tourapi.py:258 summarize_month(); Together_with_my_dog_cityselection/prepare_city_comparison.py:53 main(),날짜 누락·중복·음수·비유한수는 집계 오류. 광역시와 기초시의 시 전체 범위 비교이며 동일 행정 규모가 아님.
